{"0": [[0.26300727684204517, 0.48513471953446996, 0.8491417036699047], [0.7518785807425733, 0.029752222747783996, 0.5887209536993653], [0.7761974553100254, 0.19546118308946114, 0.6158427400193519]], "1": [[0.029027546749207156, 0.9596392488940668, 0.054290564347959425], [0.8792382327744873, 0.4842657230586963, 0.5985550149648665], [0.2892086218859313, 0.3626276202039942, 0.6700932067358675]], "2": [[0.6522038778448653, 0.28423090494141323, 0.05590092696332172], [0.2836377068594478, 0.09781821643160182, 0.6822000693953171], [0.14111826833715846, 0.8575015422476077, 0.7231015975001829]], "3": [[0.647014824270405, 0.5743436653420422, 0.34113078456058654], [0.4654658024389251, 0.9898657107200758, 0.03872021770708478], [0.268902984084759, 0.05321547844433949, 0.1327202215246065]], "4": [[0.739168054388306, 0.5112623311338964, 0.33032336722590006], [0.9690603029875725, 0.5912395531612223, 0.9805000116454766], [0.6678436037935193, 0.03758394798617892, 0.17314364493622258]]}